sample_idx,time_s,x_raw,x_g,x_m_s2,device_name,odr_hz,capture_elapsed_us
0,0.0,-2543,-0.6204919999999999,-6.084947871799999,XIAO-IMU-3,3330,1000086
1,0.0011807390791027156,-2542,-0.6202479999999999,-6.082555049199999,XIAO-IMU-3,3330,1000086
2,0.002361478158205431,-2562,-0.625128,-6.1304115012,XIAO-IMU-3,3330,1000086
3,0.0035422172373081465,-2561,-0.624884,-6.128018678599999,XIAO-IMU-3,3330,1000086
4,0.004722956316410862,-2565,-0.62586,-6.1375899689999995,XIAO-IMU-3,3330,1000086
5,0.005903695395513578,-2545,-0.62098,-6.089733516999999,XIAO-IMU-3,3330,1000086
6,0.007084434474616293,-2559,-0.624396,-6.123233033399999,XIAO-IMU-3,3330,1000086
7,0.008265173553719009,-2560,-0.62464,-6.125625855999999,XIAO-IMU-3,3330,1000086
8,0.009445912632821725,-2592,-0.632448,-6.2021961791999995,XIAO-IMU-3,3330,1000086
9,0.01062665171192444,-2602,-0.634888,-6.226124405199999,XIAO-IMU-3,3330,1000086
10,0.011807390791027156,-2597,-0.633668,-6.2141602922,XIAO-IMU-3,3330,1000086
11,0.012988129870129872,-2628,-0.641232,-6.2883377928,XIAO-IMU-3,3330,1000086
12,0.014168868949232586,-2627,-0.6409879999999999,-6.285944970199998,XIAO-IMU-3,3330,1000086
13,0.015349608028335302,-2631,-0.641964,-6.2955162605999995,XIAO-IMU-3,3330,1000086
14,0.016530347107438018,-2662,-0.649528,-6.3696937612,XIAO-IMU-3,3330,1000086
15,0.017711086186540735,-2664,-0.6500159999999999,-6.374479406399999,XIAO-IMU-3,3330,1000086
16,0.01889182526564345,-2817,-0.687348,-6.740581264199999,XIAO-IMU-3,3330,1000086
17,0.020072564344746163,-2825,-0.6892999999999999,-6.759723844999999,XIAO-IMU-3,3330,1000086
18,0.02125330342384888,-2864,-0.698816,-6.8530439264,XIAO-IMU-3,3330,1000086
19,0.022434042502951595,-2855,-0.69662,-6.831508523,XIAO-IMU-3,3330,1000086
20,0.023614781582054312,-2857,-0.697108,-6.836294168199999,XIAO-IMU-3,3330,1000086
21,0.024795520661157026,-2893,-0.705892,-6.922435781799999,XIAO-IMU-3,3330,1000086
22,0.025976259740259744,-2876,-0.701744,-6.8817577976,XIAO-IMU-3,3330,1000086
23,0.027156998819362458,-2885,-0.7039399999999999,-6.9032932009999985,XIAO-IMU-3,3330,1000086
24,0.028337737898465172,-2643,-0.6448919999999999,-6.3242301317999985,XIAO-IMU-3,3330,1000086
25,0.02951847697756789,-2610,-0.6368400000000001,-6.245266986000001,XIAO-IMU-3,3330,1000086
26,0.030699216056670604,-2573,-0.627812,-6.1567325498,XIAO-IMU-3,3330,1000086
27,0.03187995513577332,-2516,-0.613904,-6.0203416616,XIAO-IMU-3,3330,1000086
28,0.033060694214876035,-2444,-0.596336,-5.8480584343999995,XIAO-IMU-3,3330,1000086
29,0.03424143329397875,-2392,-0.5836480000000001,-5.7236316592000005,XIAO-IMU-3,3330,1000086
30,0.03542217237308147,-2343,-0.571692,-5.606383351799999,XIAO-IMU-3,3330,1000086
31,0.03660291145218418,-2282,-0.556808,-5.460421173199999,XIAO-IMU-3,3330,1000086
32,0.0377836505312869,-1746,-0.426024,-4.1778682596,XIAO-IMU-3,3330,1000086
33,0.038964389610389616,-1686,-0.411384,-4.0342989036,XIAO-IMU-3,3330,1000086
34,0.040145128689492326,-1594,-0.388936,-3.8141592244,XIAO-IMU-3,3330,1000086
35,0.041325867768595044,-1537,-0.37502800000000003,-3.6777683362,XIAO-IMU-3,3330,1000086
36,0.04250660684769776,-1473,-0.35941199999999995,-3.5246276897999995,XIAO-IMU-3,3330,1000086
37,0.04368734592680048,-1406,-0.343064,-3.3643085755999995,XIAO-IMU-3,3330,1000086
38,0.04486808500590319,-1306,-0.318664,-3.1250263156,XIAO-IMU-3,3330,1000086
39,0.04604882408500591,-1273,-0.31061199999999994,-3.046063169799999,XIAO-IMU-3,3330,1000086
40,0.047229563164108625,-733,-0.178852,-1.7539389658,XIAO-IMU-3,3330,1000086
41,0.048410302243211335,-676,-0.16494399999999998,-1.6175480775999997,XIAO-IMU-3,3330,1000086
42,0.04959104132231405,-634,-0.154696,-1.5170495283999998,XIAO-IMU-3,3330,1000086
43,0.05077178040141677,-583,-0.14225200000000002,-1.3950155758,XIAO-IMU-3,3330,1000086
44,0.05195251948051949,-512,-0.124928,-1.2251251712,XIAO-IMU-3,3330,1000086
45,0.0531332585596222,-469,-0.114436,-1.1222337993999998,XIAO-IMU-3,3330,1000086
46,0.054313997638724916,-419,-0.10223600000000001,-1.0025926694,XIAO-IMU-3,3330,1000086
47,0.055494736717827634,-364,-0.088816,-0.8709874264,XIAO-IMU-3,3330,1000086
48,0.056675475796930344,-213,-0.051972000000000004,-0.5096712138,XIAO-IMU-3,3330,1000086
49,0.05785621487603306,-154,-0.037576,-0.36849468039999994,XIAO-IMU-3,3330,1000086
50,0.05903695395513578,-112,-0.027327999999999998,-0.2679961312,XIAO-IMU-3,3330,1000086
51,0.0602176930342385,-24,-0.005856,-0.057427742399999995,XIAO-IMU-3,3330,1000086
52,0.06139843211334121,-4,-0.000976,-0.0095712904,XIAO-IMU-3,3330,1000086
53,0.06257917119244392,54,0.013176,0.1292124204,XIAO-IMU-3,3330,1000086
54,0.06375991027154664,110,0.02684,0.26321048599999997,XIAO-IMU-3,3330,1000086
55,0.06494064935064936,519,0.126636,1.2418749294,XIAO-IMU-3,3330,1000086
56,0.06612138842975207,586,0.142984,1.4021940436,XIAO-IMU-3,3330,1000086
57,0.06730212750885478,634,0.154696,1.5170495283999998,XIAO-IMU-3,3330,1000086
58,0.0684828665879575,686,0.16738399999999998,1.6414763035999997,XIAO-IMU-3,3330,1000086
59,0.06966360566706022,746,0.182024,1.7850456595999997,XIAO-IMU-3,3330,1000086
60,0.07084434474616294,776,0.18934399999999998,1.8568303375999997,XIAO-IMU-3,3330,1000086
61,0.07202508382526565,829,0.20227599999999998,1.9836499353999997,XIAO-IMU-3,3330,1000086
62,0.07320582290436836,902,0.220088,2.1583259852,XIAO-IMU-3,3330,1000086
63,0.07438656198347109,1429,0.348676,3.4193434953999997,XIAO-IMU-3,3330,1000086
64,0.0755673010625738,1512,0.368928,3.6179477711999994,XIAO-IMU-3,3330,1000086
65,0.07674804014167651,1555,0.37942000000000004,3.720839143,XIAO-IMU-3,3330,1000086
66,0.07792877922077923,1622,0.39576799999999995,3.881158257199999,XIAO-IMU-3,3330,1000086
67,0.07910951829988194,1665,0.40626,3.984049629,XIAO-IMU-3,3330,1000086
68,0.08029025737898465,1743,0.42529199999999995,4.170689791799999,XIAO-IMU-3,3330,1000086
69,0.08147099645808738,1765,0.43066,4.223331889,XIAO-IMU-3,3330,1000086
70,0.08265173553719009,1834,0.447496,4.3884366484,XIAO-IMU-3,3330,1000086
71,0.08383247461629281,2092,0.510448,5.0057848792,XIAO-IMU-3,3330,1000086
72,0.08501321369539552,2152,0.525088,5.1493542352,XIAO-IMU-3,3330,1000086
73,0.08619395277449823,2212,0.539728,5.292923591199999,XIAO-IMU-3,3330,1000086
74,0.08737469185360096,2242,0.547048,5.364708269199999,XIAO-IMU-3,3330,1000086
75,0.08855543093270367,2300,0.5611999999999999,5.503491979999999,XIAO-IMU-3,3330,1000086
76,0.08973617001180638,2342,0.571448,5.603990529199999,XIAO-IMU-3,3330,1000086
77,0.0909169090909091,2404,0.586576,5.7523455303999995,XIAO-IMU-3,3330,1000086
78,0.09209764817001181,2446,0.5968239999999999,5.852844079599999,XIAO-IMU-3,3330,1000086
79,0.09327838724911452,2747,0.670268,6.573083682199999,XIAO-IMU-3,3330,1000086
80,0.09445912632821725,2800,0.6831999999999999,6.699903279999999,XIAO-IMU-3,3330,1000086
81,0.09563986540731996,2847,0.694668,6.812365942199999,XIAO-IMU-3,3330,1000086
82,0.09682060448642267,2888,0.7046720000000001,6.9104716688000005,XIAO-IMU-3,3330,1000086
83,0.0980013435655254,2936,0.716384,7.0253271536,XIAO-IMU-3,3330,1000086
84,0.0991820826446281,2956,0.721264,7.0731836056,XIAO-IMU-3,3330,1000086
85,0.10036282172373083,3005,0.73322,7.190431912999999,XIAO-IMU-3,3330,1000086
86,0.10154356080283354,3058,0.7461519999999999,7.3172515107999985,XIAO-IMU-3,3330,1000086
87,0.10272429988193625,3285,0.8015399999999999,7.860422240999998,XIAO-IMU-3,3330,1000086
88,0.10390503896103898,3314,0.808616,7.9298140963999995,XIAO-IMU-3,3330,1000086
89,0.10508577804014169,3322,0.810568,7.948956677199999,XIAO-IMU-3,3330,1000086
90,0.1062665171192444,3364,0.820816,8.0494552264,XIAO-IMU-3,3330,1000086
91,0.10744725619834712,3387,0.826428,8.1044901462,XIAO-IMU-3,3330,1000086
92,0.10862799527744983,3421,0.8347239999999999,8.185846114599999,XIAO-IMU-3,3330,1000086
93,0.10980873435655254,3425,0.8356999999999999,8.195417404999999,XIAO-IMU-3,3330,1000086
94,0.11098947343565527,3455,0.84302,8.267202082999999,XIAO-IMU-3,3330,1000086
95,0.11217021251475798,3663,0.8937719999999999,8.764909183799999,XIAO-IMU-3,3330,1000086
96,0.11335095159386069,3656,0.892064,8.748159425599999,XIAO-IMU-3,3330,1000086
97,0.11453169067296341,3665,0.8942599999999999,8.769694828999999,XIAO-IMU-3,3330,1000086
98,0.11571242975206612,3673,0.896212,8.7888374098,XIAO-IMU-3,3330,1000086
99,0.11689316883116885,3678,0.897432,8.800801522799999,XIAO-IMU-3,3330,1000086
100,0.11807390791027156,3679,0.8976759999999999,8.803194345399998,XIAO-IMU-3,3330,1000086
101,0.11925464698937427,3723,0.908412,8.908478539799999,XIAO-IMU-3,3330,1000086
102,0.120435386068477,3770,0.91988,9.020941202,XIAO-IMU-3,3330,1000086
103,0.1216161251475797,3765,0.9186599999999999,9.008977088999998,XIAO-IMU-3,3330,1000086
104,0.12279686422668241,3756,0.916464,8.987441685599999,XIAO-IMU-3,3330,1000086
105,0.12397760330578514,3765,0.9186599999999999,9.008977088999998,XIAO-IMU-3,3330,1000086
106,0.12515834238488785,3753,0.915732,8.9802632178,XIAO-IMU-3,3330,1000086
107,0.12633908146399056,3749,0.914756,8.970691927399999,XIAO-IMU-3,3330,1000086
108,0.12751982054309327,3719,0.907436,8.8989072494,XIAO-IMU-3,3330,1000086
109,0.128700559622196,3711,0.905484,8.879764668599998,XIAO-IMU-3,3330,1000086
110,0.12988129870129872,3607,0.880108,8.6309111182,XIAO-IMU-3,3330,1000086
111,0.13106203778040143,3605,0.87962,8.626125472999998,XIAO-IMU-3,3330,1000086
112,0.13224277685950414,3607,0.880108,8.6309111182,XIAO-IMU-3,3330,1000086
113,0.13342351593860685,3575,0.8723,8.554340795,XIAO-IMU-3,3330,1000086
114,0.13460425501770956,3571,0.871324,8.5447695046,XIAO-IMU-3,3330,1000086
115,0.1357849940968123,3566,0.8701039999999999,8.532805391599998,XIAO-IMU-3,3330,1000086
116,0.136965733175915,3545,0.86498,8.482556117,XIAO-IMU-3,3330,1000086
117,0.13814647225501772,3543,0.8644919999999999,8.4777704718,XIAO-IMU-3,3330,1000086
118,0.13932721133412043,3531,0.861564,8.449056600599999,XIAO-IMU-3,3330,1000086
119,0.14050795041322314,3519,0.858636,8.4203427294,XIAO-IMU-3,3330,1000086
120,0.14168868949232588,3531,0.861564,8.449056600599999,XIAO-IMU-3,3330,1000086
121,0.1428694285714286,3512,0.856928,8.4035929712,XIAO-IMU-3,3330,1000086
122,0.1440501676505313,3513,0.857172,8.4059857938,XIAO-IMU-3,3330,1000086
123,0.145230906729634,3527,0.860588,8.4394853102,XIAO-IMU-3,3330,1000086
124,0.14641164580873672,3506,0.8554639999999999,8.389236035599998,XIAO-IMU-3,3330,1000086
125,0.14759238488783943,3496,0.853024,8.365307809599999,XIAO-IMU-3,3330,1000086
126,0.14877312396694217,3308,0.807152,7.915457160799999,XIAO-IMU-3,3330,1000086
127,0.14995386304604488,3262,0.795928,7.8053873212,XIAO-IMU-3,3330,1000086
128,0.1511346021251476,3224,0.7866559999999999,7.714460062399999,XIAO-IMU-3,3330,1000086
129,0.1523153412042503,3208,0.782752,7.6761749007999995,XIAO-IMU-3,3330,1000086
130,0.15349608028335301,3150,0.7686000000000001,7.53739119,XIAO-IMU-3,3330,1000086
131,0.15467681936245575,3114,0.759816,7.4512495764,XIAO-IMU-3,3330,1000086
132,0.15585755844155846,3055,0.74542,7.310073042999999,XIAO-IMU-3,3330,1000086
133,0.15703829752066117,3034,0.740296,7.2598237683999995,XIAO-IMU-3,3330,1000086
134,0.15821903659976388,2649,0.646356,6.3385870674,XIAO-IMU-3,3330,1000086
135,0.1593997756788666,2610,0.6368400000000001,6.245266986000001,XIAO-IMU-3,3330,1000086
136,0.1605805147579693,2588,0.631472,6.1926248888,XIAO-IMU-3,3330,1000086
137,0.16176125383707204,2501,0.610244,5.9844493226,XIAO-IMU-3,3330,1000086
138,0.16294199291617475,2476,0.604144,5.9246287576,XIAO-IMU-3,3330,1000086
139,0.16412273199527747,2404,0.586576,5.7523455303999995,XIAO-IMU-3,3330,1000086
140,0.16530347107438018,2340,0.57096,5.599204884,XIAO-IMU-3,3330,1000086
141,0.1664842101534829,2288,0.5582719999999999,5.474778108799999,XIAO-IMU-3,3330,1000086
142,0.16766494923258562,1833,0.447252,4.3860438258,XIAO-IMU-3,3330,1000086
143,0.16884568831168834,1762,0.429928,4.2161534212,XIAO-IMU-3,3330,1000086
144,0.17002642739079105,1672,0.407968,4.0007993872,XIAO-IMU-3,3330,1000086
145,0.17120716646989376,1602,0.39088799999999996,3.833301805199999,XIAO-IMU-3,3330,1000086
146,0.17238790554899647,1553,0.378932,3.7160534977999995,XIAO-IMU-3,3330,1000086
147,0.17356864462809918,1439,0.351116,3.4432717213999995,XIAO-IMU-3,3330,1000086
148,0.17474938370720192,1363,0.332572,3.2614172037999998,XIAO-IMU-3,3330,1000086
149,0.17593012278630463,681,0.16616399999999998,1.6295121905999996,XIAO-IMU-3,3330,1000086
150,0.17711086186540734,635,0.15494,1.519442351,XIAO-IMU-3,3330,1000086
151,0.17829160094451005,530,0.12932,1.2681959779999998,XIAO-IMU-3,3330,1000086
152,0.17947234002361276,472,0.11516799999999999,1.1294122671999998,XIAO-IMU-3,3330,1000086
153,0.18065307910271547,414,0.101016,0.9906285563999999,XIAO-IMU-3,3330,1000086
154,0.1818338181818182,358,0.087352,0.8566304908,XIAO-IMU-3,3330,1000086
155,0.18301455726092092,284,0.069296,0.6795616184,XIAO-IMU-3,3330,1000086
156,0.18419529634002363,216,0.052704,0.5168496816,XIAO-IMU-3,3330,1000086
157,0.18537603541912634,-105,-0.02562,-0.25124637299999997,XIAO-IMU-3,3330,1000086
158,0.18655677449822905,-131,-0.031964,-0.31345976059999997,XIAO-IMU-3,3330,1000086
159,0.1877375135773318,-185,-0.04514,-0.44267218099999994,XIAO-IMU-3,3330,1000086
160,0.1889182526564345,-264,-0.064416,-0.6317051664,XIAO-IMU-3,3330,1000086
161,0.1900989917355372,-308,-0.075152,-0.7369893607999999,XIAO-IMU-3,3330,1000086
162,0.19127973081463992,-309,-0.075396,-0.7393821834,XIAO-IMU-3,3330,1000086
163,0.19246046989374263,-362,-0.088328,-0.8662017812,XIAO-IMU-3,3330,1000086
164,0.19364120897284534,-408,-0.09955199999999999,-0.9762716207999999,XIAO-IMU-3,3330,1000086
165,0.19482194805194808,-593,-0.14469200000000002,-1.4189438018,XIAO-IMU-3,3330,1000086
166,0.1960026871310508,-576,-0.14054399999999997,-1.3782658175999998,XIAO-IMU-3,3330,1000086
167,0.1971834262101535,-567,-0.13834799999999997,-1.3567304141999996,XIAO-IMU-3,3330,1000086
168,0.1983641652892562,-555,-0.13541999999999998,-1.3280165429999997,XIAO-IMU-3,3330,1000086
169,0.19954490436835892,-558,-0.136152,-1.3351950108,XIAO-IMU-3,3330,1000086
170,0.20072564344746166,-525,-0.1281,-1.256231865,XIAO-IMU-3,3330,1000086
171,0.20190638252656437,-521,-0.127124,-1.2466605746,XIAO-IMU-3,3330,1000086
172,0.20308712160566708,-476,-0.116144,-1.1389835575999998,XIAO-IMU-3,3330,1000086
173,0.2042678606847698,-113,-0.027572,-0.2703889538,XIAO-IMU-3,3330,1000086
174,0.2054485997638725,-56,-0.013663999999999999,-0.1339980656,XIAO-IMU-3,3330,1000086
175,0.2066293388429752,-23,-0.005612,-0.05503491979999999,XIAO-IMU-3,3330,1000086
176,0.20781007792207795,23,0.005612,0.05503491979999999,XIAO-IMU-3,3330,1000086
177,0.20899081700118066,106,0.025864,0.2536391956,XIAO-IMU-3,3330,1000086
178,0.21017155608028337,160,0.03904,0.38285161599999995,XIAO-IMU-3,3330,1000086
179,0.21135229515938608,211,0.051484,0.5048855686,XIAO-IMU-3,3330,1000086
180,0.2125330342384888,700,0.17079999999999998,1.6749758199999998,XIAO-IMU-3,3330,1000086
181,0.21371377331759153,776,0.18934399999999998,1.8568303375999997,XIAO-IMU-3,3330,1000086
182,0.21489451239669424,842,0.20544800000000002,2.0147566292,XIAO-IMU-3,3330,1000086
183,0.21607525147579695,874,0.213256,2.0913269523999998,XIAO-IMU-3,3330,1000086
184,0.21725599055489966,940,0.22935999999999998,2.2492532439999997,XIAO-IMU-3,3330,1000086
185,0.21843672963400237,1010,0.24644,2.416750826,XIAO-IMU-3,3330,1000086
186,0.21961746871310509,1056,0.257664,2.5268206656,XIAO-IMU-3,3330,1000086
187,0.22079820779220782,1104,0.26937599999999995,2.6416761503999995,XIAO-IMU-3,3330,1000086
188,0.22197894687131053,1641,0.400404,3.9266218865999996,XIAO-IMU-3,3330,1000086
189,0.22315968595041324,1738,0.424072,4.1587256788,XIAO-IMU-3,3330,1000086
190,0.22434042502951596,1796,0.438224,4.2975093896,XIAO-IMU-3,3330,1000086
191,0.22552116410861867,1844,0.449936,4.4123648744,XIAO-IMU-3,3330,1000086
192,0.22670190318772138,1972,0.481168,4.718646167199999,XIAO-IMU-3,3330,1000086
193,0.22788264226682411,2033,0.49605199999999994,4.864608345799999,XIAO-IMU-3,3330,1000086
194,0.22906338134592683,2135,0.52094,5.1086762509999994,XIAO-IMU-3,3330,1000086
195,0.23024412042502954,2225,0.5428999999999999,5.324030284999999,XIAO-IMU-3,3330,1000086
196,0.23142485950413225,3062,0.7471279999999999,7.326822801199999,XIAO-IMU-3,3330,1000086
197,0.23260559858323496,3176,0.774944,7.599604577599999,XIAO-IMU-3,3330,1000086
198,0.2337863376623377,3283,0.801052,7.855636595799999,XIAO-IMU-3,3330,1000086
199,0.2349670767414404,3427,0.836188,8.2002030502,XIAO-IMU-3,3330,1000086
200,0.23614781582054312,3547,0.865468,8.4873417622,XIAO-IMU-3,3330,1000086
201,0.23732855489964583,3660,0.89304,8.757730716,XIAO-IMU-3,3330,1000086
202,0.23850929397874854,3812,0.930128,9.121439751199999,XIAO-IMU-3,3330,1000086
203,0.23969003305785125,3904,0.952576,9.3415794304,XIAO-IMU-3,3330,1000086
204,0.240870772136954,4531,1.105564,10.8418792006,XIAO-IMU-3,3330,1000086
205,0.2420515112160567,4612,1.1253279999999999,11.035697831199998,XIAO-IMU-3,3330,1000086
206,0.2432322502951594,4696,1.1458240000000002,11.2366949296,XIAO-IMU-3,3330,1000086
207,0.24441298937426212,4772,1.1643679999999998,11.418549447199998,XIAO-IMU-3,3330,1000086
208,0.24559372845336483,4877,1.189988,11.6697958202,XIAO-IMU-3,3330,1000086
209,0.24677446753246757,4934,1.2038959999999999,11.806186708399999,XIAO-IMU-3,3330,1000086
210,0.24795520661157028,5020,1.22488,12.011969451999999,XIAO-IMU-3,3330,1000086
211,0.249135945690673,5442,1.327848,13.021740589199998,XIAO-IMU-3,3330,1000086
212,0.2503166847697757,5452,1.330288,13.045668815199999,XIAO-IMU-3,3330,1000086
213,0.2514974238488784,5473,1.335412,13.0959180898,XIAO-IMU-3,3330,1000086
214,0.2526781629279811,5475,1.3358999999999999,13.100703734999998,XIAO-IMU-3,3330,1000086
215,0.25385890200708383,5491,1.3398039999999998,13.138988896599997,XIAO-IMU-3,3330,1000086
216,0.25503964108618654,5461,1.332484,13.067204218599999,XIAO-IMU-3,3330,1000086
217,0.25622038016528925,5485,1.3383399999999999,13.124631960999999,XIAO-IMU-3,3330,1000086
218,0.257401119244392,5478,1.336632,13.107882202799999,XIAO-IMU-3,3330,1000086
219,0.25858185832349473,5264,1.284416,12.595818166399999,XIAO-IMU-3,3330,1000086
220,0.25976259740259744,5234,1.277096,12.524033488399999,XIAO-IMU-3,3330,1000086
221,0.26094333648170015,5196,1.267824,12.4331062296,XIAO-IMU-3,3330,1000086
222,0.26212407556080286,5123,1.250012,12.258430179799998,XIAO-IMU-3,3330,1000086
223,0.26330481463990557,5080,1.23952,12.155538808,XIAO-IMU-3,3330,1000086
224,0.2644855537190083,5010,1.22244,11.988041225999998,XIAO-IMU-3,3330,1000086
225,0.265666292798111,4929,1.2026759999999999,11.794222595399997,XIAO-IMU-3,3330,1000086
226,0.2668470318772137,4881,1.190964,11.679367110599998,XIAO-IMU-3,3330,1000086
227,0.2680277709563164,4250,1.037,10.16949605,XIAO-IMU-3,3330,1000086
228,0.2692085100354191,4151,1.0128439999999999,9.932606612599997,XIAO-IMU-3,3330,1000086
229,0.2703892491145219,4100,1.0004,9.810572659999998,XIAO-IMU-3,3330,1000086
230,0.2715699881936246,4006,0.9774639999999999,9.5856473356,XIAO-IMU-3,3330,1000086
231,0.2727507272727273,3928,0.9584320000000001,9.3990071728,XIAO-IMU-3,3330,1000086
232,0.27393146635183,3846,0.9384239999999999,9.2027957196,XIAO-IMU-3,3330,1000086
233,0.27511220543093273,3775,0.9211,9.032905314999999,XIAO-IMU-3,3330,1000086
234,0.27629294451003544,3702,0.903288,8.858229265199999,XIAO-IMU-3,3330,1000086
235,0.27747368358913815,2978,0.726632,7.125825702799999,XIAO-IMU-3,3330,1000086
236,0.27865442266824086,2923,0.713212,6.994220459799999,XIAO-IMU-3,3330,1000086
237,0.2798351617473436,2848,0.6949120000000001,6.8147587648000005,XIAO-IMU-3,3330,1000086
238,0.2810159008264463,2760,0.6734399999999999,6.604190375999999,XIAO-IMU-3,3330,1000086
239,0.282196639905549,2691,0.6566040000000001,6.439085616600001,XIAO-IMU-3,3330,1000086
240,0.28337737898465176,2621,0.639524,6.2715880346,XIAO-IMU-3,3330,1000086
241,0.2845581180637545,2575,0.6283,6.161518194999999,XIAO-IMU-3,3330,1000086
242,0.2857388571428572,2480,0.60512,5.934200047999999,XIAO-IMU-3,3330,1000086
243,0.2869195962219599,2139,0.5219159999999999,5.118247541399999,XIAO-IMU-3,3330,1000086
244,0.2881003353010626,2055,0.50142,4.9172504429999995,XIAO-IMU-3,3330,1000086
245,0.2892810743801653,2013,0.49117199999999994,4.816751893799999,XIAO-IMU-3,3330,1000086
246,0.290461813459268,1932,0.471408,4.622933263199999,XIAO-IMU-3,3330,1000086
247,0.29164255253837074,1833,0.447252,4.3860438258,XIAO-IMU-3,3330,1000086
248,0.29282329161747345,1760,0.42944,4.2113677759999995,XIAO-IMU-3,3330,1000086
249,0.29400403069657616,1688,0.411872,4.0390845488,XIAO-IMU-3,3330,1000086
250,0.29518476977567887,1612,0.39332799999999996,3.8572300311999994,XIAO-IMU-3,3330,1000086
251,0.29636550885478163,783,0.191052,1.8735800958,XIAO-IMU-3,3330,1000086
252,0.29754624793388434,663,0.161772,1.5864413838,XIAO-IMU-3,3330,1000086
253,0.29872698701298706,566,0.13810399999999998,1.3543375915999998,XIAO-IMU-3,3330,1000086
254,0.29990772609208977,488,0.119072,1.1676974288,XIAO-IMU-3,3330,1000086
255,0.3010884651711925,366,0.08930400000000001,0.8757730716000001,XIAO-IMU-3,3330,1000086
256,0.3022692042502952,281,0.06856399999999999,0.6723831505999999,XIAO-IMU-3,3330,1000086
257,0.3034499433293979,183,0.044652000000000004,0.43788653580000003,XIAO-IMU-3,3330,1000086
258,0.3046306824085006,135,0.03294,0.32303105099999996,XIAO-IMU-3,3330,1000086
259,0.3058114214876033,-515,-0.12566,-1.232303639,XIAO-IMU-3,3330,1000086
260,0.30699216056670603,-575,-0.14029999999999998,-1.3758729949999997,XIAO-IMU-3,3330,1000086
261,0.30817289964580874,-640,-0.15616,-1.5314064639999998,XIAO-IMU-3,3330,1000086
262,0.3093536387249115,-709,-0.172996,-1.6965112234,XIAO-IMU-3,3330,1000086
263,0.3105343778040142,-746,-0.182024,-1.7850456595999997,XIAO-IMU-3,3330,1000086
264,0.3117151168831169,-848,-0.206912,-2.0291135648,XIAO-IMU-3,3330,1000086
265,0.31289585596221964,-898,-0.219112,-2.1487546948,XIAO-IMU-3,3330,1000086
266,0.31407659504132235,-919,-0.224236,-2.1990039693999996,XIAO-IMU-3,3330,1000086
267,0.31525733412042506,-1498,-0.365512,-3.5844482548,XIAO-IMU-3,3330,1000086
268,0.31643807319952777,-1532,-0.373808,-3.6658042231999994,XIAO-IMU-3,3330,1000086
269,0.3176188122786305,-1607,-0.392108,-3.8452659182,XIAO-IMU-3,3330,1000086
270,0.3187995513577332,-1661,-0.405284,-3.9744783385999995,XIAO-IMU-3,3330,1000086
271,0.3199802904368359,-1686,-0.411384,-4.0342989036,XIAO-IMU-3,3330,1000086
272,0.3211610295159386,-1739,-0.42431599999999997,-4.1611185014,XIAO-IMU-3,3330,1000086
273,0.3223417685950414,-1772,-0.432368,-4.240081647199999,XIAO-IMU-3,3330,1000086
274,0.3235225076741441,-1816,-0.443104,-4.3453658416,XIAO-IMU-3,3330,1000086
275,0.3247032467532468,-2059,-0.5023960000000001,-4.926821733400001,XIAO-IMU-3,3330,1000086
276,0.3258839858323495,-2085,-0.50874,-4.989035121,XIAO-IMU-3,3330,1000086
277,0.3270647249114522,-2100,-0.5124,-5.02492746,XIAO-IMU-3,3330,1000086
278,0.32824546399055493,-2109,-0.514596,-5.0464628634,XIAO-IMU-3,3330,1000086
279,0.32942620306965764,-2140,-0.52216,-5.120640363999999,XIAO-IMU-3,3330,1000086
280,0.33060694214876035,-2151,-0.524844,-5.1469614126,XIAO-IMU-3,3330,1000086
281,0.33178768122786306,-2151,-0.524844,-5.1469614126,XIAO-IMU-3,3330,1000086
282,0.3329684203069658,-2152,-0.525088,-5.1493542352,XIAO-IMU-3,3330,1000086
283,0.3341491593860685,-2198,-0.536312,-5.2594240748,XIAO-IMU-3,3330,1000086
284,0.33532989846517125,-2203,-0.537532,-5.2713881877999995,XIAO-IMU-3,3330,1000086
285,0.33651063754427396,-2186,-0.533384,-5.230710203599999,XIAO-IMU-3,3330,1000086
286,0.33769137662337667,-2201,-0.537044,-5.266602542599999,XIAO-IMU-3,3330,1000086
287,0.3388721157024794,-2213,-0.539972,-5.2953164138,XIAO-IMU-3,3330,1000086
288,0.3400528547815821,-2204,-0.5377759999999999,-5.273781010399999,XIAO-IMU-3,3330,1000086
289,0.3412335938606848,-2199,-0.536556,-5.2618168974,XIAO-IMU-3,3330,1000086
290,0.3424143329397875,-2232,-0.544608,-5.3407800432,XIAO-IMU-3,3330,1000086
291,0.3435950720188902,-2235,-0.54534,-5.347958511,XIAO-IMU-3,3330,1000086
292,0.34477581109799293,-2235,-0.54534,-5.347958511,XIAO-IMU-3,3330,1000086
293,0.34595655017709565,-2224,-0.5426559999999999,-5.321637462399999,XIAO-IMU-3,3330,1000086
294,0.34713728925619836,-2248,-0.5485119999999999,-5.379065204799999,XIAO-IMU-3,3330,1000086
295,0.3483180283353011,-2233,-0.544852,-5.3431728658,XIAO-IMU-3,3330,1000086
296,0.34949876741440383,-2223,-0.542412,-5.3192446398,XIAO-IMU-3,3330,1000086
297,0.35067950649350654,-2232,-0.544608,-5.3407800432,XIAO-IMU-3,3330,1000086
298,0.35186024557260925,-2192,-0.534848,-5.2450671392,XIAO-IMU-3,3330,1000086
299,0.35304098465171196,-2202,-0.537288,-5.2689953651999994,XIAO-IMU-3,3330,1000086
300,0.3542217237308147,-2226,-0.543144,-5.326423107599999,XIAO-IMU-3,3330,1000086
301,0.3554024628099174,-2209,-0.538996,-5.2857451234,XIAO-IMU-3,3330,1000086
302,0.3565832018890201,-2200,-0.5367999999999999,-5.264209719999999,XIAO-IMU-3,3330,1000086
303,0.3577639409681228,-2208,-0.5387519999999999,-5.283352300799999,XIAO-IMU-3,3330,1000086
304,0.3589446800472255,-2209,-0.538996,-5.2857451234,XIAO-IMU-3,3330,1000086
305,0.36012541912632823,-2208,-0.5387519999999999,-5.283352300799999,XIAO-IMU-3,3330,1000086
306,0.36130615820543094,-2188,-0.5338719999999999,-5.2354958487999985,XIAO-IMU-3,3330,1000086
307,0.3624868972845337,-2187,-0.533628,-5.233103026199999,XIAO-IMU-3,3330,1000086
308,0.3636676363636364,-2176,-0.530944,-5.2067819775999995,XIAO-IMU-3,3330,1000086
309,0.3648483754427391,-2187,-0.533628,-5.233103026199999,XIAO-IMU-3,3330,1000086
310,0.36602911452184184,-2215,-0.54046,-5.300102059,XIAO-IMU-3,3330,1000086
311,0.36720985360094455,-2213,-0.539972,-5.2953164138,XIAO-IMU-3,3330,1000086
312,0.36839059268004726,-2210,-0.53924,-5.288137946,XIAO-IMU-3,3330,1000086
313,0.36957133175914997,-2254,-0.549976,-5.3934221404,XIAO-IMU-3,3330,1000086
314,0.3707520708382527,-2259,-0.551196,-5.4053862534,XIAO-IMU-3,3330,1000086
315,0.3719328099173554,-2245,-0.5477799999999999,-5.371886736999999,XIAO-IMU-3,3330,1000086
316,0.3731135489964581,-2242,-0.547048,-5.364708269199999,XIAO-IMU-3,3330,1000086
317,0.3742942880755608,-2191,-0.5346040000000001,-5.2426743166000005,XIAO-IMU-3,3330,1000086
318,0.3754750271546636,-2177,-0.531188,-5.2091748002,XIAO-IMU-3,3330,1000086
319,0.3766557662337663,-2146,-0.523624,-5.134997299599999,XIAO-IMU-3,3330,1000086
320,0.377836505312869,-2107,-0.5141079999999999,-5.0416772181999985,XIAO-IMU-3,3330,1000086
321,0.3790172443919717,-2061,-0.502884,-4.9316073786,XIAO-IMU-3,3330,1000086
322,0.3801979834710744,-1844,-0.449936,-4.4123648744,XIAO-IMU-3,3330,1000086
323,0.38137872255017713,-1790,-0.43676,-4.283152454,XIAO-IMU-3,3330,1000086
324,0.38255946162927984,-1746,-0.426024,-4.1778682596,XIAO-IMU-3,3330,1000086
325,0.38374020070838255,-1679,-0.409676,-4.017549145399999,XIAO-IMU-3,3330,1000086
326,0.38492093978748526,-1641,-0.400404,-3.9266218865999996,XIAO-IMU-3,3330,1000086
327,0.38610167886658797,-1599,-0.390156,-3.8261233374,XIAO-IMU-3,3330,1000086
328,0.3872824179456907,-1550,-0.3782,-3.7088750299999997,XIAO-IMU-3,3330,1000086
329,0.38846315702479345,-1180,-0.28792,-2.823530668,XIAO-IMU-3,3330,1000086
330,0.38964389610389616,-1119,-0.273036,-2.6775684894,XIAO-IMU-3,3330,1000086
331,0.39082463518299887,-1086,-0.264984,-2.5986053435999996,XIAO-IMU-3,3330,1000086
332,0.3920053742621016,-1029,-0.25107599999999997,-2.4622144553999994,XIAO-IMU-3,3330,1000086
333,0.3931861133412043,-1006,-0.245464,-2.4071795355999996,XIAO-IMU-3,3330,1000086
334,0.394366852420307,-927,-0.226188,-2.2181465501999997,XIAO-IMU-3,3330,1000086
335,0.3955475914994097,-897,-0.218868,-2.1463618722,XIAO-IMU-3,3330,1000086
336,0.3967283305785124,-876,-0.213744,-2.0961125976,XIAO-IMU-3,3330,1000086
337,0.39790906965761513,-459,-0.111996,-1.0983055734,XIAO-IMU-3,3330,1000086
338,0.39908980873671784,-441,-0.107604,-1.0552347666,XIAO-IMU-3,3330,1000086
339,0.40027054781582055,-383,-0.093452,-0.9164510557999999,XIAO-IMU-3,3330,1000086
340,0.4014512868949233,-345,-0.08417999999999999,-0.8255237969999999,XIAO-IMU-3,3330,1000086
341,0.40263202597402603,-295,-0.07198,-0.705882667,XIAO-IMU-3,3330,1000086
342,0.40381276505312874,-263,-0.06417199999999999,-0.6293123437999999,XIAO-IMU-3,3330,1000086
343,0.40499350413223145,-229,-0.055875999999999995,-0.5479563754,XIAO-IMU-3,3330,1000086
344,0.40617424321133416,-178,-0.043432000000000005,-0.42592242280000003,XIAO-IMU-3,3330,1000086
345,0.4073549822904369,52,0.012688,0.12442677519999999,XIAO-IMU-3,3330,1000086
346,0.4085357213695396,104,0.025376,0.24885355039999998,XIAO-IMU-3,3330,1000086
347,0.4097164604486423,151,0.036844,0.3613162126,XIAO-IMU-3,3330,1000086
348,0.410897199527745,220,0.05368,0.5264209719999999,XIAO-IMU-3,3330,1000086
349,0.4120779386068477,271,0.06612399999999999,0.6484549245999999,XIAO-IMU-3,3330,1000086
350,0.4132586776859504,373,0.091012,0.8925228297999999,XIAO-IMU-3,3330,1000086
351,0.4144394167650532,390,0.09516,0.9332008139999999,XIAO-IMU-3,3330,1000086
352,0.4156201558441559,455,0.11102,1.088734283,XIAO-IMU-3,3330,1000086
353,0.4168008949232586,816,0.19910399999999998,1.9525432415999997,XIAO-IMU-3,3330,1000086
354,0.4179816340023613,856,0.208864,2.0482561456,XIAO-IMU-3,3330,1000086
355,0.41916237308146403,893,0.217892,2.1367905817999997,XIAO-IMU-3,3330,1000086
356,0.42034311216056675,941,0.22960399999999997,2.2516460665999998,XIAO-IMU-3,3330,1000086
357,0.42152385123966946,1018,0.248392,2.4358934068,XIAO-IMU-3,3330,1000086
358,0.42270459031877217,1058,0.258152,2.5316063108,XIAO-IMU-3,3330,1000086
359,0.4238853293978749,1099,0.268156,2.6297120374,XIAO-IMU-3,3330,1000086
360,0.4250660684769776,1161,0.283284,2.7780670385999997,XIAO-IMU-3,3330,1000086
361,0.4262468075560803,1556,0.379664,3.7232319655999997,XIAO-IMU-3,3330,1000086
362,0.42742754663518306,1608,0.392352,3.8476587407999996,XIAO-IMU-3,3330,1000086
363,0.4286082857142858,1678,0.409432,4.0151563228,XIAO-IMU-3,3330,1000086
364,0.4297890247933885,1707,0.416508,4.0845481781999995,XIAO-IMU-3,3330,1000086
365,0.4309697638724912,1761,0.42968399999999995,4.2137605985999995,XIAO-IMU-3,3330,1000086
366,0.4321505029515939,1819,0.443836,4.3525443094,XIAO-IMU-3,3330,1000086
367,0.4333312420306966,1865,0.45506,4.462614149,XIAO-IMU-3,3330,1000086
368,0.43451198110979933,1944,0.47433600000000004,4.6516471344,XIAO-IMU-3,3330,1000086
369,0.43569272018890204,2228,0.5436319999999999,5.3312087527999985,XIAO-IMU-3,3330,1000086
370,0.43687345926800475,2258,0.550952,5.4029934308,XIAO-IMU-3,3330,1000086
371,0.43805419834710746,2307,0.562908,5.520241738199999,XIAO-IMU-3,3330,1000086
372,0.43923493742621017,2363,0.576572,5.6542398037999995,XIAO-IMU-3,3330,1000086
373,0.44041567650531294,2412,0.588528,5.7714881112,XIAO-IMU-3,3330,1000086
374,0.44159641558441565,2461,0.600484,5.8887364186,XIAO-IMU-3,3330,1000086
375,0.44277715466351836,2503,0.6107319999999999,5.989234967799999,XIAO-IMU-3,3330,1000086
376,0.44395789374262107,2822,0.688568,6.752545377199999,XIAO-IMU-3,3330,1000086
377,0.4451386328217238,2885,0.7039399999999999,6.9032932009999985,XIAO-IMU-3,3330,1000086
378,0.4463193719008265,2905,0.7088199999999999,6.951149652999999,XIAO-IMU-3,3330,1000086
379,0.4475001109799292,2955,0.72102,7.070790783,XIAO-IMU-3,3330,1000086
380,0.4486808500590319,2953,0.7205320000000001,7.0660051378,XIAO-IMU-3,3330,1000086
381,0.4498615891381346,2996,0.731024,7.1688965096,XIAO-IMU-3,3330,1000086
382,0.45104232821723733,3011,0.734684,7.2047888486,XIAO-IMU-3,3330,1000086
383,0.45222306729634004,3048,0.743712,7.2933232848,XIAO-IMU-3,3330,1000086
384,0.45340380637544275,3050,0.7442,7.29810893,XIAO-IMU-3,3330,1000086
385,0.4545845454545455,3035,0.74054,7.262216591,XIAO-IMU-3,3330,1000086
386,0.45576528453364823,3029,0.7390760000000001,7.2478596554,XIAO-IMU-3,3330,1000086
387,0.45694602361275094,3008,0.733952,7.1976103808000005,XIAO-IMU-3,3330,1000086
388,0.45812676269185365,2996,0.731024,7.1688965096,XIAO-IMU-3,3330,1000086
389,0.45930750177095636,2975,0.7259,7.118647234999999,XIAO-IMU-3,3330,1000086
390,0.46048824085005907,2968,0.7241920000000001,7.1018974768000005,XIAO-IMU-3,3330,1000086
391,0.4616689799291618,2961,0.722484,7.0851477186,XIAO-IMU-3,3330,1000086
392,0.4628497190082645,2890,0.70516,6.915257314,XIAO-IMU-3,3330,1000086
393,0.4640304580873672,2877,0.701988,6.884150620199999,XIAO-IMU-3,3330,1000086
394,0.4652111971664699,2845,0.6941799999999999,6.807580296999999,XIAO-IMU-3,3330,1000086
395,0.4663919362455726,2827,0.689788,6.764509490199999,XIAO-IMU-3,3330,1000086
396,0.4675726753246754,2803,0.683932,6.707081747799999,XIAO-IMU-3,3330,1000086
397,0.4687534144037781,2770,0.67588,6.628118602,XIAO-IMU-3,3330,1000086
398,0.4699341534828808,2760,0.6734399999999999,6.604190375999999,XIAO-IMU-3,3330,1000086
399,0.4711148925619835,2727,0.665388,6.5252272302,XIAO-IMU-3,3330,1000086
400,0.47229563164108623,2569,0.6268360000000001,6.1471612594,XIAO-IMU-3,3330,1000086
401,0.47347637072018894,2518,0.6143919999999999,6.025127306799999,XIAO-IMU-3,3330,1000086
402,0.47465710979929165,2459,0.599996,5.8839507734,XIAO-IMU-3,3330,1000086
403,0.47583784887839436,2447,0.5970679999999999,5.855236902199999,XIAO-IMU-3,3330,1000086
404,0.4770185879574971,2409,0.587796,5.7643096434,XIAO-IMU-3,3330,1000086
405,0.4781993270365998,2369,0.578036,5.6685967394,XIAO-IMU-3,3330,1000086
406,0.4793800661157025,2308,0.5631520000000001,5.5226345608,XIAO-IMU-3,3330,1000086
407,0.48056080519480526,2266,0.552904,5.422136011599999,XIAO-IMU-3,3330,1000086
408,0.481741544273908,1966,0.479704,4.7042892316,XIAO-IMU-3,3330,1000086
409,0.4829222833530107,1917,0.467748,4.5870409242,XIAO-IMU-3,3330,1000086
410,0.4841030224321134,1879,0.458476,4.496113665399999,XIAO-IMU-3,3330,1000086
411,0.4852837615112161,1845,0.45018,4.414757697,XIAO-IMU-3,3330,1000086
412,0.4864645005903188,1787,0.43602799999999997,4.2759739861999995,XIAO-IMU-3,3330,1000086
413,0.4876452396694215,1734,0.423096,4.1491543884,XIAO-IMU-3,3330,1000086
414,0.48882597874852424,1705,0.41602,4.079762532999999,XIAO-IMU-3,3330,1000086
415,0.49000671782762695,1646,0.401624,3.9385859995999994,XIAO-IMU-3,3330,1000086
416,0.49118745690672966,1301,0.317444,3.1130622025999997,XIAO-IMU-3,3330,1000086
417,0.49236819598583237,1272,0.310368,3.0436703471999995,XIAO-IMU-3,3330,1000086
418,0.49354893506493513,1257,0.306708,3.0077780082,XIAO-IMU-3,3330,1000086
419,0.49472967414403785,1215,0.29646,2.9072794589999997,XIAO-IMU-3,3330,1000086
420,0.49591041322314056,1203,0.29353199999999996,2.8785655877999994,XIAO-IMU-3,3330,1000086
421,0.49709115230224327,1206,0.294264,2.8857440556,XIAO-IMU-3,3330,1000086
422,0.498271891381346,1184,0.28889600000000004,2.8331019584000003,XIAO-IMU-3,3330,1000086
423,0.4994526304604487,1185,0.28914,2.835494781,XIAO-IMU-3,3330,1000086
424,0.5006333695395514,1114,0.27181599999999995,2.6656043763999993,XIAO-IMU-3,3330,1000086
425,0.5018141086186542,1101,0.268644,2.6344976825999997,XIAO-IMU-3,3330,1000086
426,0.5029948476977568,1091,0.266204,2.6105694566,XIAO-IMU-3,3330,1000086
427,0.5041755867768596,1041,0.254004,2.4909283265999997,XIAO-IMU-3,3330,1000086
428,0.5053563258559622,1038,0.253272,2.4837498588,XIAO-IMU-3,3330,1000086
429,0.506537064935065,992,0.242048,2.3736800192,XIAO-IMU-3,3330,1000086
430,0.5077178040141677,980,0.23912,2.3449661479999997,XIAO-IMU-3,3330,1000086
431,0.5088985430932704,938,0.228872,2.2444675987999996,XIAO-IMU-3,3330,1000086
432,0.5100792821723731,710,0.17324,1.698904046,XIAO-IMU-3,3330,1000086
433,0.5112600212514758,668,0.162992,1.5984054967999999,XIAO-IMU-3,3330,1000086
434,0.5124407603305785,590,0.14396,1.411765334,XIAO-IMU-3,3330,1000086
435,0.5136214994096813,559,0.136396,1.3375878333999998,XIAO-IMU-3,3330,1000086
436,0.514802238488784,534,0.130296,1.2777672683999999,XIAO-IMU-3,3330,1000086
437,0.5159829775678867,462,0.112728,1.1054840412,XIAO-IMU-3,3330,1000086
438,0.5171637166469895,400,0.09759999999999999,0.9571290399999999,XIAO-IMU-3,3330,1000086
439,0.5183444557260921,-59,-0.014395999999999999,-0.14117653339999997,XIAO-IMU-3,3330,1000086
440,0.5195251948051949,-110,-0.02684,-0.26321048599999997,XIAO-IMU-3,3330,1000086
441,0.5207059338842975,-157,-0.038308,-0.3756731482,XIAO-IMU-3,3330,1000086
442,0.5218866729634003,-213,-0.051972000000000004,-0.5096712138,XIAO-IMU-3,3330,1000086
443,0.523067412042503,-277,-0.067588,-0.6628118601999999,XIAO-IMU-3,3330,1000086
444,0.5242481511216057,-314,-0.076616,-0.7513462964,XIAO-IMU-3,3330,1000086
445,0.5254288902007084,-318,-0.077592,-0.7609175867999999,XIAO-IMU-3,3330,1000086
446,0.5266096292798111,-365,-0.08906,-0.873380249,XIAO-IMU-3,3330,1000086
447,0.5277903683589139,-681,-0.16616399999999998,-1.6295121905999996,XIAO-IMU-3,3330,1000086
448,0.5289711074380166,-704,-0.171776,-1.6845471104,XIAO-IMU-3,3330,1000086
449,0.5301518465171193,-737,-0.17982800000000002,-1.7635102562,XIAO-IMU-3,3330,1000086
450,0.531332585596222,-782,-0.190808,-1.8711872732,XIAO-IMU-3,3330,1000086
451,0.5325133246753248,-801,-0.19544399999999998,-1.9166509025999996,XIAO-IMU-3,3330,1000086
452,0.5336940637544274,-847,-0.20666800000000002,-2.0267207422,XIAO-IMU-3,3330,1000086
453,0.5348748028335302,-895,-0.21838,-2.141576227,XIAO-IMU-3,3330,1000086
454,0.5360555419126328,-915,-0.22326,-2.189432679,XIAO-IMU-3,3330,1000086
455,0.5372362809917356,-1134,-0.27669599999999994,-2.7134608283999992,XIAO-IMU-3,3330,1000086
456,0.5384170200708382,-1138,-0.277672,-2.7230321187999995,XIAO-IMU-3,3330,1000086
457,0.539597759149941,-1137,-0.277428,-2.7206392962,XIAO-IMU-3,3330,1000086
458,0.5407784982290438,-1137,-0.277428,-2.7206392962,XIAO-IMU-3,3330,1000086
459,0.5419592373081464,-1149,-0.280356,-2.7493531674,XIAO-IMU-3,3330,1000086
460,0.5431399763872492,-1142,-0.27864799999999995,-2.7326034091999993,XIAO-IMU-3,3330,1000086
461,0.5443207154663519,-1145,-0.27938,-2.739781877,XIAO-IMU-3,3330,1000086
462,0.5455014545454546,-1123,-0.274012,-2.6871397797999994,XIAO-IMU-3,3330,1000086
463,0.5466821936245573,-755,-0.18422,-1.8065810629999999,XIAO-IMU-3,3330,1000086
464,0.54786293270366,-747,-0.182268,-1.7874384822,XIAO-IMU-3,3330,1000086
465,0.5490436717827627,-698,-0.170312,-1.6701901747999999,XIAO-IMU-3,3330,1000086
466,0.5502244108618655,-610,-0.14884,-1.4596217859999998,XIAO-IMU-3,3330,1000086
467,0.5514051499409681,-527,-0.12858799999999998,-1.2610175101999996,XIAO-IMU-3,3330,1000086
468,0.5525858890200709,-473,-0.11541199999999999,-1.1318050897999998,XIAO-IMU-3,3330,1000086
469,0.5537666280991737,-393,-0.09589199999999999,-0.9403792817999999,XIAO-IMU-3,3330,1000086
470,0.5549473671782763,-341,-0.083204,-0.8159525066,XIAO-IMU-3,3330,1000086
471,0.5561281062573791,303,0.073932,0.7250252477999999,XIAO-IMU-3,3330,1000086
472,0.5573088453364817,375,0.0915,0.8973084749999999,XIAO-IMU-3,3330,1000086
473,0.5584895844155845,450,0.1098,1.0767701699999999,XIAO-IMU-3,3330,1000086
474,0.5596703234946871,501,0.122244,1.1988041226,XIAO-IMU-3,3330,1000086
475,0.5608510625737899,605,0.14762,1.447657673,XIAO-IMU-3,3330,1000086
476,0.5620318016528926,646,0.157624,1.5457633995999998,XIAO-IMU-3,3330,1000086
477,0.5632125407319953,703,0.171532,1.6821542877999998,XIAO-IMU-3,3330,1000086
478,0.564393279811098,810,0.19763999999999998,1.9381863059999997,XIAO-IMU-3,3330,1000086
479,0.5655740188902008,1169,0.285236,2.7972096194,XIAO-IMU-3,3330,1000086
480,0.5667547579693035,1210,0.29524,2.895315346,XIAO-IMU-3,3330,1000086
481,0.5679354970484062,1301,0.317444,3.1130622025999997,XIAO-IMU-3,3330,1000086
482,0.569116236127509,1346,0.328424,3.2207392195999995,XIAO-IMU-3,3330,1000086
483,0.5702969752066116,1414,0.34501600000000004,3.3834511564,XIAO-IMU-3,3330,1000086
484,0.5714777142857144,1451,0.35404399999999997,3.4719855925999994,XIAO-IMU-3,3330,1000086
485,0.572658453364817,1530,0.37332,3.6610185779999997,XIAO-IMU-3,3330,1000086
486,0.5738391924439198,1909,0.465796,4.5678983434,XIAO-IMU-3,3330,1000086
487,0.5750199315230224,1909,0.465796,4.5678983434,XIAO-IMU-3,3330,1000086
488,0.5762006706021252,1944,0.47433600000000004,4.6516471344,XIAO-IMU-3,3330,1000086
489,0.5773814096812279,1963,0.47897199999999995,4.6971107638,XIAO-IMU-3,3330,1000086
490,0.5785621487603306,1970,0.48068,4.713860522,XIAO-IMU-3,3330,1000086
491,0.5797428878394334,1963,0.47897199999999995,4.6971107638,XIAO-IMU-3,3330,1000086
492,0.580923626918536,1988,0.485072,4.7569313287999995,XIAO-IMU-3,3330,1000086
493,0.5821043659976388,2006,0.489464,4.8000021356,XIAO-IMU-3,3330,1000086
494,0.5832851050767415,2212,0.539728,5.292923591199999,XIAO-IMU-3,3330,1000086
495,0.5844658441558442,2257,0.550708,5.4006006081999995,XIAO-IMU-3,3330,1000086
496,0.5856465832349469,2277,0.555588,5.448457060199999,XIAO-IMU-3,3330,1000086
497,0.5868273223140497,2333,0.569252,5.582455125799999,XIAO-IMU-3,3330,1000086
498,0.5880080613931523,2374,0.579256,5.680560852399999,XIAO-IMU-3,3330,1000086
499,0.5891888004722551,2426,0.5919439999999999,5.804987627599999,XIAO-IMU-3,3330,1000086
500,0.5903695395513577,2473,0.6034120000000001,5.9174502898000005,XIAO-IMU-3,3330,1000086
501,0.5915502786304605,2507,0.6117079999999999,5.998806258199999,XIAO-IMU-3,3330,1000086
502,0.5927310177095633,2744,0.6695359999999999,6.565905214399999,XIAO-IMU-3,3330,1000086
503,0.5939117567886659,2791,0.681004,6.6783678766,XIAO-IMU-3,3330,1000086
504,0.5950924958677687,2844,0.693936,6.805187474399999,XIAO-IMU-3,3330,1000086
505,0.5962732349468713,2876,0.701744,6.8817577976,XIAO-IMU-3,3330,1000086
506,0.5974539740259741,2902,0.7080879999999999,6.943971185199999,XIAO-IMU-3,3330,1000086
507,0.5986347131050768,2927,0.7141879999999999,7.003791750199999,XIAO-IMU-3,3330,1000086
508,0.5998154521841795,2987,0.7288279999999999,7.147361106199999,XIAO-IMU-3,3330,1000086
509,0.6009961912632822,3034,0.740296,7.2598237683999995,XIAO-IMU-3,3330,1000086
510,0.602176930342385,3255,0.79422,7.788637563,XIAO-IMU-3,3330,1000086
511,0.6033576694214876,3285,0.8015399999999999,7.860422240999998,XIAO-IMU-3,3330,1000086
512,0.6045384085005904,3282,0.800808,7.853243773199999,XIAO-IMU-3,3330,1000086
513,0.6057191475796931,3305,0.8064199999999999,7.908278692999999,XIAO-IMU-3,3330,1000086
514,0.6068998866587958,3303,0.805932,7.9034930478,XIAO-IMU-3,3330,1000086
515,0.6080806257378986,3314,0.808616,7.9298140963999995,XIAO-IMU-3,3330,1000086
516,0.6092613648170012,3303,0.805932,7.9034930478,XIAO-IMU-3,3330,1000086
517,0.610442103896104,3327,0.8117880000000001,7.9609207902,XIAO-IMU-3,3330,1000086
518,0.6116228429752066,3265,0.7966599999999999,7.812565788999999,XIAO-IMU-3,3330,1000086
519,0.6128035820543094,3256,0.794464,7.791030385599999,XIAO-IMU-3,3330,1000086
520,0.6139843211334121,3249,0.792756,7.7742806274,XIAO-IMU-3,3330,1000086
521,0.6151650602125148,3226,0.787144,7.719245707599999,XIAO-IMU-3,3330,1000086
522,0.6163457992916175,3199,0.7805559999999999,7.654639497399999,XIAO-IMU-3,3330,1000086
523,0.6175265383707202,3202,0.781288,7.661817965199999,XIAO-IMU-3,3330,1000086
524,0.618707277449823,3154,0.769576,7.5469624803999995,XIAO-IMU-3,3330,1000086
525,0.6198880165289257,3168,0.772992,7.5804619967999995,XIAO-IMU-3,3330,1000086
526,0.6210687556080284,3006,0.7334639999999999,7.192824735599999,XIAO-IMU-3,3330,1000086
527,0.6222494946871311,2978,0.726632,7.125825702799999,XIAO-IMU-3,3330,1000086
528,0.6234302337662339,2982,0.7276079999999999,7.135396993199999,XIAO-IMU-3,3330,1000086
529,0.6246109728453365,2940,0.71736,7.0348984439999995,XIAO-IMU-3,3330,1000086
530,0.6257917119244393,2928,0.7144320000000001,7.0061845728000005,XIAO-IMU-3,3330,1000086
531,0.6269724510035419,2883,0.703452,6.898507555799999,XIAO-IMU-3,3330,1000086
532,0.6281531900826447,2857,0.697108,6.836294168199999,XIAO-IMU-3,3330,1000086
533,0.6293339291617474,2812,0.686128,6.728617151199999,XIAO-IMU-3,3330,1000086
534,0.6305146682408501,2216,0.540704,5.3024948815999995,XIAO-IMU-3,3330,1000086
535,0.6316954073199529,2161,0.527284,5.170889638599999,XIAO-IMU-3,3330,1000086
536,0.6328761463990555,2085,0.50874,4.989035121,XIAO-IMU-3,3330,1000086
537,0.6340568854781583,1971,0.48092399999999996,4.716253344599999,XIAO-IMU-3,3330,1000086
538,0.635237624557261,1897,0.462868,4.5391844722,XIAO-IMU-3,3330,1000086
539,0.6364183636363637,1816,0.443104,4.3453658416,XIAO-IMU-3,3330,1000086
540,0.6375991027154664,1704,0.41577600000000003,4.0773697104,XIAO-IMU-3,3330,1000086
541,0.6387798417945691,1638,0.39967199999999997,3.9194434187999994,XIAO-IMU-3,3330,1000086
542,0.6399605808736718,1142,0.27864799999999995,2.7326034091999993,XIAO-IMU-3,3330,1000086
543,0.6411413199527746,1070,0.26108,2.5603201819999994,XIAO-IMU-3,3330,1000086
544,0.6423220590318772,993,0.242292,2.3760728418,XIAO-IMU-3,3330,1000086
545,0.64350279811098,924,0.225456,2.2109680824,XIAO-IMU-3,3330,1000086
546,0.6446835371900828,795,0.19397999999999999,1.9022939669999996,XIAO-IMU-3,3330,1000086
547,0.6458642762691854,714,0.174216,1.7084753364,XIAO-IMU-3,3330,1000086
548,0.6470450153482882,637,0.155428,1.5242279962,XIAO-IMU-3,3330,1000086
549,0.6482257544273908,-182,-0.044408,-0.4354937132,XIAO-IMU-3,3330,1000086
550,0.6494064935064936,-277,-0.067588,-0.6628118601999999,XIAO-IMU-3,3330,1000086
551,0.6505872325855963,-401,-0.097844,-0.9595218625999999,XIAO-IMU-3,3330,1000086
552,0.651767971664699,-480,-0.11712,-1.1485548479999999,XIAO-IMU-3,3330,1000086
553,0.6529487107438017,-557,-0.13590799999999997,-1.3328021881999996,XIAO-IMU-3,3330,1000086
554,0.6541294498229044,-700,-0.17079999999999998,-1.6749758199999998,XIAO-IMU-3,3330,1000086
555,0.6553101889020071,-782,-0.190808,-1.8711872732,XIAO-IMU-3,3330,1000086
556,0.6564909279811099,-890,-0.21716,-2.129612114,XIAO-IMU-3,3330,1000086
557,0.6576716670602126,-1477,-0.360388,-3.5341989802,XIAO-IMU-3,3330,1000086
558,0.6588524061393153,-1559,-0.380396,-3.7304104334,XIAO-IMU-3,3330,1000086
559,0.660033145218418,-1623,-0.396012,-3.8835510797999997,XIAO-IMU-3,3330,1000086
560,0.6612138842975207,-1746,-0.426024,-4.1778682596,XIAO-IMU-3,3330,1000086
561,0.6623946233766235,-1834,-0.447496,-4.3884366484,XIAO-IMU-3,3330,1000086
562,0.6635753624557261,-1891,-0.461404,-4.524827536599999,XIAO-IMU-3,3330,1000086
563,0.6647561015348289,-1985,-0.48434,-4.749752860999999,XIAO-IMU-3,3330,1000086
564,0.6659368406139315,-2033,-0.49605199999999994,-4.864608345799999,XIAO-IMU-3,3330,1000086
565,0.6671175796930343,-2489,-0.6073160000000001,-5.955735451400001,XIAO-IMU-3,3330,1000086
566,0.668298318772137,-2550,-0.6222,-6.101697629999999,XIAO-IMU-3,3330,1000086
567,0.6694790578512397,-2620,-0.63928,-6.269195212,XIAO-IMU-3,3330,1000086
568,0.6706597969303425,-2694,-0.657336,-6.4462640844,XIAO-IMU-3,3330,1000086
569,0.6718405360094452,-2719,-0.663436,-6.5060846494,XIAO-IMU-3,3330,1000086
570,0.6730212750885479,-2780,-0.6783199999999999,-6.652046827999999,XIAO-IMU-3,3330,1000086
571,0.6742020141676506,-2820,-0.68808,-6.747759732,XIAO-IMU-3,3330,1000086
572,0.6753827532467533,-2888,-0.7046720000000001,-6.9104716688000005,XIAO-IMU-3,3330,1000086
573,0.676563492325856,-3119,-0.7610359999999999,-7.463213689399999,XIAO-IMU-3,3330,1000086
574,0.6777442314049588,-3135,-0.76494,-7.501498850999999,XIAO-IMU-3,3330,1000086
575,0.6789249704840614,-3142,-0.766648,-7.5182486092,XIAO-IMU-3,3330,1000086
576,0.6801057095631642,-3147,-0.7678679999999999,-7.530212722199998,XIAO-IMU-3,3330,1000086
577,0.6812864486422668,-3135,-0.76494,-7.501498850999999,XIAO-IMU-3,3330,1000086
578,0.6824671877213696,-3162,-0.771528,-7.566105061199999,XIAO-IMU-3,3330,1000086
579,0.6836479268004724,-3157,-0.770308,-7.5541409482,XIAO-IMU-3,3330,1000086
580,0.684828665879575,-3172,-0.773968,-7.5900332872,XIAO-IMU-3,3330,1000086
581,0.6860094049586778,-3277,-0.799588,-7.841279660199999,XIAO-IMU-3,3330,1000086
582,0.6871901440377804,-3314,-0.808616,-7.9298140963999995,XIAO-IMU-3,3330,1000086
583,0.6883708831168832,-3352,-0.8178880000000001,-8.0207413552,XIAO-IMU-3,3330,1000086
584,0.6895516221959859,-3379,-0.824476,-8.0853475654,XIAO-IMU-3,3330,1000086
585,0.6907323612750886,-3428,-0.8364320000000001,-8.2025958728,XIAO-IMU-3,3330,1000086
586,0.6919131003541913,-3462,-0.8447279999999999,-8.283951841199999,XIAO-IMU-3,3330,1000086
587,0.6930938394332941,-3495,-0.85278,-8.362914987,XIAO-IMU-3,3330,1000086
588,0.6942745785123967,-3839,-0.936716,-9.1860459614,XIAO-IMU-3,3330,1000086
589,0.6954553175914995,-3886,-0.9481839999999999,-9.298508623599998,XIAO-IMU-3,3330,1000086
590,0.6966360566706022,-3900,-0.9516,-9.33200814,XIAO-IMU-3,3330,1000086
591,0.6978167957497049,-3914,-0.955016,-9.365507656399998,XIAO-IMU-3,3330,1000086
592,0.6989975348288077,-3933,-0.959652,-9.410971285799999,XIAO-IMU-3,3330,1000086
593,0.7001782739079103,-3989,-0.9733160000000001,-9.5449693514,XIAO-IMU-3,3330,1000086
594,0.7013590129870131,-4016,-0.979904,-9.6095755616,XIAO-IMU-3,3330,1000086
595,0.7025397520661157,-4025,-0.9821,-9.631110965,XIAO-IMU-3,3330,1000086
596,0.7037204911452185,-4185,-1.02114,-10.013962581,XIAO-IMU-3,3330,1000086
597,0.7049012302243212,-4190,-1.02236,-10.025926693999999,XIAO-IMU-3,3330,1000086
598,0.7060819693034239,-4190,-1.02236,-10.025926693999999,XIAO-IMU-3,3330,1000086
599,0.7072627083825266,-4190,-1.02236,-10.025926693999999,XIAO-IMU-3,3330,1000086
600,0.7084434474616293,-4190,-1.02236,-10.025926693999999,XIAO-IMU-3,3330,1000086
601,0.709624186540732,-4212,-1.027728,-10.078568791199999,XIAO-IMU-3,3330,1000086
602,0.7108049256198348,-4217,-1.028948,-10.0905329042,XIAO-IMU-3,3330,1000086
603,0.7119856646989375,-4185,-1.02114,-10.013962581,XIAO-IMU-3,3330,1000086
604,0.7131664037780402,-4134,-1.008696,-9.8919286284,XIAO-IMU-3,3330,1000086
605,0.714347142857143,-4124,-1.006256,-9.8680004024,XIAO-IMU-3,3330,1000086
606,0.7155278819362456,-4096,-0.999424,-9.8010013696,XIAO-IMU-3,3330,1000086
607,0.7167086210153484,-4060,-0.99064,-9.714859756,XIAO-IMU-3,3330,1000086
608,0.717889360094451,-4047,-0.987468,-9.6837530622,XIAO-IMU-3,3330,1000086
609,0.7190700991735538,-4033,-0.984052,-9.6502535458,XIAO-IMU-3,3330,1000086
610,0.7202508382526565,-3991,-0.973804,-9.549754996599999,XIAO-IMU-3,3330,1000086
611,0.7214315773317592,-3942,-0.9618479999999999,-9.432506689199998,XIAO-IMU-3,3330,1000086
612,0.7226123164108619,-3664,-0.8940159999999999,-8.7673020064,XIAO-IMU-3,3330,1000086
613,0.7237930554899646,-3643,-0.8888919999999999,-8.717052731799999,XIAO-IMU-3,3330,1000086
614,0.7249737945690674,-3584,-0.8744959999999999,-8.5758761984,XIAO-IMU-3,3330,1000086
615,0.7261545336481701,-3514,-0.857416,-8.408378616399999,XIAO-IMU-3,3330,1000086
616,0.7273352727272728,-3475,-0.8479,-8.315058534999999,XIAO-IMU-3,3330,1000086
617,0.7285160118063755,-3424,-0.835456,-8.1930245824,XIAO-IMU-3,3330,1000086
618,0.7296967508854783,-3346,-0.8164239999999999,-8.006384419599998,XIAO-IMU-3,3330,1000086
619,0.7308774899645809,-3283,-0.801052,-7.855636595799999,XIAO-IMU-3,3330,1000086
620,0.7320582290436837,-2685,-0.65514,-6.4247286809999995,XIAO-IMU-3,3330,1000086
621,0.7332389681227863,-2630,-0.6417200000000001,-6.293123438,XIAO-IMU-3,3330,1000086
622,0.7344197072018891,-2555,-0.62342,-6.113661743,XIAO-IMU-3,3330,1000086
623,0.7356004462809917,-2449,-0.5975560000000001,-5.860022547400001,XIAO-IMU-3,3330,1000086
624,0.7367811853600945,-2388,-0.5826720000000001,-5.7140603688,XIAO-IMU-3,3330,1000086
625,0.7379619244391973,-2338,-0.570472,-5.5944192388,XIAO-IMU-3,3330,1000086
626,0.7391426635182999,-2270,-0.55388,-5.431707302,XIAO-IMU-3,3330,1000086
627,0.7403234025974027,-2161,-0.527284,-5.170889638599999,XIAO-IMU-3,3330,1000086
628,0.7415041416765054,-1683,-0.41065199999999996,-4.0271204358,XIAO-IMU-3,3330,1000086
629,0.7426848807556081,-1599,-0.390156,-3.8261233374,XIAO-IMU-3,3330,1000086
630,0.7438656198347108,-1520,-0.37088,-3.6370903519999995,XIAO-IMU-3,3330,1000086
631,0.7450463589138135,-1462,-0.356728,-3.4983066411999997,XIAO-IMU-3,3330,1000086
632,0.7462270979929162,-1359,-0.331596,-3.2518459134,XIAO-IMU-3,3330,1000086
633,0.747407837072019,-1285,-0.31354000000000004,-3.0747770410000004,XIAO-IMU-3,3330,1000086
634,0.7485885761511216,-1213,-0.29597199999999996,-2.9024938137999996,XIAO-IMU-3,3330,1000086
635,0.7497693152302244,-450,-0.1098,-1.0767701699999999,XIAO-IMU-3,3330,1000086
636,0.7509500543093272,-374,-0.091256,-0.8949156524,XIAO-IMU-3,3330,1000086
637,0.7521307933884298,-256,-0.062464,-0.6125625856,XIAO-IMU-3,3330,1000086
638,0.7533115324675326,-180,-0.04392,-0.430708068,XIAO-IMU-3,3330,1000086
639,0.7544922715466352,-103,-0.025131999999999998,-0.24646072779999997,XIAO-IMU-3,3330,1000086
640,0.755673010625738,18,0.004391999999999999,0.04307080679999999,XIAO-IMU-3,3330,1000086
641,0.7568537497048407,77,0.018788,0.18424734019999997,XIAO-IMU-3,3330,1000086
642,0.7580344887839434,174,0.042455999999999994,0.41635113239999993,XIAO-IMU-3,3330,1000086
643,0.7592152278630461,606,0.147864,1.4500504955999998,XIAO-IMU-3,3330,1000086
644,0.7603959669421488,688,0.167872,1.6462619487999999,XIAO-IMU-3,3330,1000086
645,0.7615767060212515,798,0.194712,1.9094724347999998,XIAO-IMU-3,3330,1000086
646,0.7627574451003543,855,0.20862,2.045863323,XIAO-IMU-3,3330,1000086
647,0.763938184179457,917,0.223748,2.1942183242,XIAO-IMU-3,3330,1000086
648,0.7651189232585597,986,0.240584,2.3593230835999996,XIAO-IMU-3,3330,1000086
649,0.7662996623376624,1048,0.255712,2.5076780847999998,XIAO-IMU-3,3330,1000086
650,0.7674804014167651,1116,0.272304,2.6703900216,XIAO-IMU-3,3330,1000086
651,0.7686611404958679,1497,0.365268,3.5820554322,XIAO-IMU-3,3330,1000086
652,0.7698418795749705,1556,0.379664,3.7232319655999997,XIAO-IMU-3,3330,1000086
653,0.7710226186540733,1565,0.38186000000000003,3.7447673690000003,XIAO-IMU-3,3330,1000086
654,0.7722033577331759,1624,0.396256,3.8859439023999998,XIAO-IMU-3,3330,1000086
655,0.7733840968122787,1661,0.405284,3.9744783385999995,XIAO-IMU-3,3330,1000086
656,0.7745648358913814,1704,0.41577600000000003,4.0773697104,XIAO-IMU-3,3330,1000086
657,0.7757455749704841,1749,0.42675599999999997,4.1850467274,XIAO-IMU-3,3330,1000086
658,0.7769263140495869,1766,0.430904,4.2257247116,XIAO-IMU-3,3330,1000086
659,0.7781070531286896,2038,0.497272,4.876572458799999,XIAO-IMU-3,3330,1000086
660,0.7792877922077923,2049,0.499956,4.9028935074,XIAO-IMU-3,3330,1000086
661,0.780468531286895,2049,0.499956,4.9028935074,XIAO-IMU-3,3330,1000086
662,0.7816492703659977,2071,0.505324,4.9555356046,XIAO-IMU-3,3330,1000086
663,0.7828300094451004,2073,0.505812,4.9603212498,XIAO-IMU-3,3330,1000086
664,0.7840107485242032,2054,0.501176,4.914857620399999,XIAO-IMU-3,3330,1000086
665,0.7851914876033058,2055,0.50142,4.9172504429999995,XIAO-IMU-3,3330,1000086
666,0.7863722266824086,2062,0.503128,4.9340002012,XIAO-IMU-3,3330,1000086
667,0.7875529657615112,2114,0.515816,5.0584269764,XIAO-IMU-3,3330,1000086
668,0.788733704840614,2118,0.516792,5.0679982668,XIAO-IMU-3,3330,1000086
669,0.7899144439197168,2110,0.5148400000000001,5.0488556860000005,XIAO-IMU-3,3330,1000086
670,0.7910951829988194,2102,0.512888,5.0297131052,XIAO-IMU-3,3330,1000086
671,0.7922759220779222,2091,0.510204,5.003392056599999,XIAO-IMU-3,3330,1000086
672,0.7934566611570248,2073,0.505812,4.9603212498,XIAO-IMU-3,3330,1000086
673,0.7946374002361276,2050,0.5002,4.905286329999999,XIAO-IMU-3,3330,1000086
674,0.7958181393152303,2073,0.505812,4.9603212498,XIAO-IMU-3,3330,1000086
675,0.796998878394333,1943,0.47409199999999996,4.649254311799999,XIAO-IMU-3,3330,1000086
676,0.7981796174734357,1917,0.467748,4.5870409242,XIAO-IMU-3,3330,1000086
677,0.7993603565525385,1894,0.462136,4.5320060043999995,XIAO-IMU-3,3330,1000086
678,0.8005410956316411,1874,0.457256,4.4841495524,XIAO-IMU-3,3330,1000086
679,0.8017218347107439,1882,0.45920799999999995,4.5032921331999995,XIAO-IMU-3,3330,1000086
680,0.8029025737898466,1827,0.445788,4.3716868902,XIAO-IMU-3,3330,1000086
681,0.8040833128689493,1808,0.441152,4.3262232608,XIAO-IMU-3,3330,1000086
682,0.8052640519480521,1817,0.443348,4.3477586642,XIAO-IMU-3,3330,1000086
683,0.8064447910271547,1636,0.399184,3.9146577735999997,XIAO-IMU-3,3330,1000086
684,0.8076255301062575,1621,0.395524,3.8787654345999996,XIAO-IMU-3,3330,1000086
685,0.8088062691853601,1611,0.393084,3.8548372086,XIAO-IMU-3,3330,1000086
686,0.8099870082644629,1599,0.390156,3.8261233374,XIAO-IMU-3,3330,1000086
687,0.8111677473435656,1569,0.382836,3.7543386593999997,XIAO-IMU-3,3330,1000086
688,0.8123484864226683,1567,0.382348,3.7495530142,XIAO-IMU-3,3330,1000086
689,0.813529225501771,1547,0.377468,3.7016965622,XIAO-IMU-3,3330,1000086
690,0.8147099645808737,1540,0.37576,3.6849468039999995,XIAO-IMU-3,3330,1000086
691,0.8158907036599765,1483,0.36185199999999995,3.5485559157999993,XIAO-IMU-3,3330,1000086
692,0.8170714427390792,1466,0.357704,3.5078779316,XIAO-IMU-3,3330,1000086
693,0.8182521818181819,1468,0.358192,3.5126635768,XIAO-IMU-3,3330,1000086
694,0.8194329208972846,1479,0.360876,3.5389846253999995,XIAO-IMU-3,3330,1000086
695,0.8206136599763874,1465,0.35746,3.505485109,XIAO-IMU-3,3330,1000086
696,0.82179439905549,1454,0.35477600000000004,3.4791640604,XIAO-IMU-3,3330,1000086
697,0.8229751381345928,1468,0.358192,3.5126635768,XIAO-IMU-3,3330,1000086
698,0.8241558772136954,1400,0.34159999999999996,3.3499516399999996,XIAO-IMU-3,3330,1000086
699,0.8253366162927982,1377,0.335988,3.2949167202,XIAO-IMU-3,3330,1000086
700,0.8265173553719009,1377,0.335988,3.2949167202,XIAO-IMU-3,3330,1000086
701,0.8276980944510036,1336,0.325984,3.1968109935999998,XIAO-IMU-3,3330,1000086
702,0.8288788335301064,1341,0.327204,3.2087751065999996,XIAO-IMU-3,3330,1000086
703,0.830059572609209,1324,0.323056,3.1680971224,XIAO-IMU-3,3330,1000086
704,0.8312403116883118,1303,0.317932,3.1178478478,XIAO-IMU-3,3330,1000086
705,0.8324210507674145,1301,0.317444,3.1130622025999997,XIAO-IMU-3,3330,1000086
706,0.8336017898465172,1222,0.298168,2.9240292171999998,XIAO-IMU-3,3330,1000086
707,0.8347825289256199,1184,0.28889600000000004,2.8331019584000003,XIAO-IMU-3,3330,1000086
708,0.8359632680047226,1170,0.28548,2.799602442,XIAO-IMU-3,3330,1000086
709,0.8371440070838253,1178,0.287432,2.8187450228,XIAO-IMU-3,3330,1000086
710,0.8383247461629281,1175,0.2867,2.8115665549999997,XIAO-IMU-3,3330,1000086
711,0.8395054852420307,1144,0.27913599999999994,2.7373890543999995,XIAO-IMU-3,3330,1000086
712,0.8406862243211335,1154,0.28157600000000005,2.7613172804,XIAO-IMU-3,3330,1000086
713,0.8418669634002363,1123,0.274012,2.6871397797999994,XIAO-IMU-3,3330,1000086
714,0.8430477024793389,1007,0.245708,2.4095723582,XIAO-IMU-3,3330,1000086
715,0.8442284415584417,984,0.240096,2.3545374384,XIAO-IMU-3,3330,1000086
716,0.8454091806375443,936,0.22838399999999998,2.2396819535999994,XIAO-IMU-3,3330,1000086
717,0.8465899197166471,916,0.22350399999999998,2.1918255016,XIAO-IMU-3,3330,1000086
718,0.8477706587957498,882,0.215208,2.1104695332,XIAO-IMU-3,3330,1000086
719,0.8489513978748525,850,0.2074,2.03389921,XIAO-IMU-3,3330,1000086
720,0.8501321369539552,802,0.195688,1.9190437251999999,XIAO-IMU-3,3330,1000086
721,0.8513128760330579,805,0.19641999999999998,1.9262221929999996,XIAO-IMU-3,3330,1000086
722,0.8524936151121606,486,0.11858400000000001,1.1629117836,XIAO-IMU-3,3330,1000086
723,0.8536743541912634,442,0.107848,1.0576275892,XIAO-IMU-3,3330,1000086
724,0.8548550932703661,402,0.098088,0.9619146851999999,XIAO-IMU-3,3330,1000086
725,0.8560358323494688,356,0.08686400000000001,0.8518448456000001,XIAO-IMU-3,3330,1000086
726,0.8572165714285715,271,0.06612399999999999,0.6484549245999999,XIAO-IMU-3,3330,1000086
727,0.8583973105076742,240,0.05856,0.5742774239999999,XIAO-IMU-3,3330,1000086
728,0.859578049586777,183,0.044652000000000004,0.43788653580000003,XIAO-IMU-3,3330,1000086
729,0.8607587886658796,-81,-0.019764,-0.19381863059999999,XIAO-IMU-3,3330,1000086
730,0.8619395277449824,-125,-0.0305,-0.29910282499999996,XIAO-IMU-3,3330,1000086
731,0.863120266824085,-212,-0.051728,-0.5072783912,XIAO-IMU-3,3330,1000086
732,0.8643010059031878,-280,-0.06831999999999999,-0.6699903279999999,XIAO-IMU-3,3330,1000086
733,0.8654817449822905,-336,-0.081984,-0.8039883936,XIAO-IMU-3,3330,1000086
734,0.8666624840613932,-408,-0.09955199999999999,-0.9762716207999999,XIAO-IMU-3,3330,1000086
735,0.867843223140496,-456,-0.111264,-1.0911271056,XIAO-IMU-3,3330,1000086
736,0.8690239622195987,-512,-0.124928,-1.2251251712,XIAO-IMU-3,3330,1000086
737,0.8702047012987014,-764,-0.186416,-1.8281164663999998,XIAO-IMU-3,3330,1000086
738,0.8713854403778041,-804,-0.196176,-1.9238293703999998,XIAO-IMU-3,3330,1000086
739,0.8725661794569068,-852,-0.20788800000000002,-2.0386848552,XIAO-IMU-3,3330,1000086
740,0.8737469185360095,-883,-0.215452,-2.1128623558,XIAO-IMU-3,3330,1000086
741,0.8749276576151123,-911,-0.22228399999999998,-2.1798613885999996,XIAO-IMU-3,3330,1000086
742,0.8761083966942149,-928,-0.226432,-2.2205393728,XIAO-IMU-3,3330,1000086
743,0.8772891357733177,-955,-0.23301999999999998,-2.285145583,XIAO-IMU-3,3330,1000086
744,0.8784698748524203,-969,-0.236436,-2.3186450994,XIAO-IMU-3,3330,1000086
745,0.8796506139315231,-925,-0.22569999999999998,-2.2133609049999996,XIAO-IMU-3,3330,1000086
746,0.8808313530106259,-923,-0.225212,-2.2085752598,XIAO-IMU-3,3330,1000086
747,0.8820120920897285,-872,-0.212768,-2.0865413072,XIAO-IMU-3,3330,1000086
748,0.8831928311688313,-843,-0.205692,-2.0171494518,XIAO-IMU-3,3330,1000086
749,0.884373570247934,-807,-0.196908,-1.9310078382,XIAO-IMU-3,3330,1000086
750,0.8855543093270367,-795,-0.19397999999999999,-1.9022939669999996,XIAO-IMU-3,3330,1000086
751,0.8867350484061394,-757,-0.184708,-1.8113667082,XIAO-IMU-3,3330,1000086
752,0.8879157874852421,-749,-0.182756,-1.7922241274,XIAO-IMU-3,3330,1000086
753,0.8890965265643448,-546,-0.13322399999999998,-1.3064811395999998,XIAO-IMU-3,3330,1000086
754,0.8902772656434476,-476,-0.116144,-1.1389835575999998,XIAO-IMU-3,3330,1000086
755,0.8914580047225502,-460,-0.11223999999999999,-1.1006983959999999,XIAO-IMU-3,3330,1000086
756,0.892638743801653,-433,-0.105652,-1.0360921857999998,XIAO-IMU-3,3330,1000086
757,0.8938194828807557,-398,-0.09711199999999999,-0.9523433947999999,XIAO-IMU-3,3330,1000086
758,0.8950002219598584,-363,-0.088572,-0.8685946038,XIAO-IMU-3,3330,1000086
759,0.8961809610389612,-327,-0.079788,-0.7824529901999999,XIAO-IMU-3,3330,1000086
760,0.8973617001180638,-304,-0.074176,-0.7274180704000001,XIAO-IMU-3,3330,1000086
761,0.8985424391971666,155,0.03782,0.37088750299999995,XIAO-IMU-3,3330,1000086
762,0.8997231782762692,208,0.050752,0.49770710079999997,XIAO-IMU-3,3330,1000086
763,0.900903917355372,294,0.07173600000000001,0.7034898444000001,XIAO-IMU-3,3330,1000086
764,0.9020846564344747,312,0.076128,0.7465606511999999,XIAO-IMU-3,3330,1000086
765,0.9032653955135774,366,0.08930400000000001,0.8757730716000001,XIAO-IMU-3,3330,1000086
766,0.9044461345926801,443,0.108092,1.0600204117999998,XIAO-IMU-3,3330,1000086
767,0.9056268736717829,500,0.122,1.1964112999999998,XIAO-IMU-3,3330,1000086
768,0.9068076127508855,527,0.12858799999999998,1.2610175101999996,XIAO-IMU-3,3330,1000086
769,0.9079883518299883,711,0.173484,1.7012968685999998,XIAO-IMU-3,3330,1000086
770,0.909169090909091,742,0.18104800000000001,1.7754743692000001,XIAO-IMU-3,3330,1000086
771,0.9103498299881937,756,0.184464,1.8089738855999997,XIAO-IMU-3,3330,1000086
772,0.9115305690672965,780,0.19032,1.8664016279999998,XIAO-IMU-3,3330,1000086
773,0.9127113081463991,835,0.20374,1.9980068709999999,XIAO-IMU-3,3330,1000086
774,0.9138920472255019,881,0.214964,2.1080767106,XIAO-IMU-3,3330,1000086
775,0.9150727863046045,905,0.22082,2.1655044529999996,XIAO-IMU-3,3330,1000086
776,0.9162535253837073,964,0.235216,2.3066809864,XIAO-IMU-3,3330,1000086
777,0.91743426446281,1196,0.29182400000000003,2.8618158296000002,XIAO-IMU-3,3330,1000086
778,0.9186150035419127,1297,0.316468,3.1034909122000003,XIAO-IMU-3,3330,1000086
779,0.9197957426210154,1327,0.323788,3.1752755902,XIAO-IMU-3,3330,1000086
780,0.9209764817001181,1364,0.332816,3.2638100264,XIAO-IMU-3,3330,1000086
781,0.9221572207792209,1424,0.34745600000000004,3.4073793824000003,XIAO-IMU-3,3330,1000086
782,0.9233379598583236,1493,0.36429199999999995,3.5724841417999995,XIAO-IMU-3,3330,1000086
783,0.9245186989374263,1571,0.383324,3.7591243046,XIAO-IMU-3,3330,1000086
784,0.925699438016529,2022,0.493368,4.838287297199999,XIAO-IMU-3,3330,1000086
785,0.9268801770956318,2074,0.506056,4.962714072399999,XIAO-IMU-3,3330,1000086
786,0.9280609161747344,2163,0.5277719999999999,5.175675283799999,XIAO-IMU-3,3330,1000086
787,0.9292416552538372,2207,0.538508,5.2809594782,XIAO-IMU-3,3330,1000086
788,0.9304223943329398,2270,0.55388,5.431707302,XIAO-IMU-3,3330,1000086
789,0.9316031334120426,2335,0.56974,5.587240771,XIAO-IMU-3,3330,1000086
790,0.9327838724911452,2424,0.591456,5.800201982399999,XIAO-IMU-3,3330,1000086
791,0.933964611570248,2467,0.6019479999999999,5.903093354199999,XIAO-IMU-3,3330,1000086
792,0.9351453506493508,3080,0.75152,7.369893607999999,XIAO-IMU-3,3330,1000086
793,0.9363260897284534,3116,0.760304,7.4560352216,XIAO-IMU-3,3330,1000086
794,0.9375068288075562,3165,0.77226,7.573283528999999,XIAO-IMU-3,3330,1000086
795,0.9386875678866589,3210,0.78324,7.680960546,XIAO-IMU-3,3330,1000086
796,0.9398683069657616,3289,0.802516,7.8699935314,XIAO-IMU-3,3330,1000086
797,0.9410490460448643,3337,0.814228,7.984849016199999,XIAO-IMU-3,3330,1000086
798,0.942229785123967,3369,0.822036,8.061419339399999,XIAO-IMU-3,3330,1000086
799,0.9434105242030697,3398,0.829112,8.1308111948,XIAO-IMU-3,3330,1000086
800,0.9445912632821725,3614,0.881816,8.6476608764,XIAO-IMU-3,3330,1000086
801,0.9457720023612751,3620,0.88328,8.662017811999998,XIAO-IMU-3,3330,1000086
802,0.9469527414403779,3636,0.887184,8.7003029736,XIAO-IMU-3,3330,1000086
803,0.9481334805194807,3636,0.887184,8.7003029736,XIAO-IMU-3,3330,1000086
804,0.9493142195985833,3650,0.8906000000000001,8.73380249,XIAO-IMU-3,3330,1000086
805,0.9504949586776861,3639,0.8879159999999999,8.707481441399999,XIAO-IMU-3,3330,1000086
806,0.9516756977567887,3619,0.8830359999999999,8.6596249894,XIAO-IMU-3,3330,1000086
807,0.9528564368358915,3616,0.882304,8.6524465216,XIAO-IMU-3,3330,1000086
808,0.9540371759149942,3565,0.86986,8.530412569,XIAO-IMU-3,3330,1000086
809,0.9552179149940969,3522,0.8593679999999999,8.427521197199999,XIAO-IMU-3,3330,1000086
810,0.9563986540731996,3532,0.861808,8.4514494232,XIAO-IMU-3,3330,1000086
811,0.9575793931523023,3524,0.859856,8.4323068424,XIAO-IMU-3,3330,1000086
812,0.958760132231405,3500,0.854,8.3748791,XIAO-IMU-3,3330,1000086
813,0.9599408713105078,3478,0.8486319999999999,8.3222370028,XIAO-IMU-3,3330,1000086
814,0.9611216103896105,3465,0.84546,8.291130309,XIAO-IMU-3,3330,1000086
815,0.9623023494687132,3449,0.841556,8.252845147399999,XIAO-IMU-3,3330,1000086
816,0.963483088547816,3204,0.7817759999999999,7.666603610399998,XIAO-IMU-3,3330,1000086
817,0.9646638276269186,3169,0.773236,7.5828548194,XIAO-IMU-3,3330,1000086
818,0.9658445667060214,3133,0.764452,7.4967132058,XIAO-IMU-3,3330,1000086
819,0.967025305785124,3085,0.75274,7.381857720999999,XIAO-IMU-3,3330,1000086
820,0.9682060448642268,3043,0.7424919999999999,7.281359171799999,XIAO-IMU-3,3330,1000086
821,0.9693867839433294,3005,0.73322,7.190431912999999,XIAO-IMU-3,3330,1000086
822,0.9705675230224322,2961,0.722484,7.0851477186,XIAO-IMU-3,3330,1000086
823,0.9717482621015349,2901,0.7078439999999999,6.941578362599999,XIAO-IMU-3,3330,1000086
824,0.9729290011806376,2662,0.649528,6.3696937612,XIAO-IMU-3,3330,1000086
825,0.9741097402597404,2610,0.6368400000000001,6.245266986000001,XIAO-IMU-3,3330,1000086
826,0.975290479338843,2604,0.6353759999999999,6.2309100503999995,XIAO-IMU-3,3330,1000086
827,0.9764712184179458,2549,0.6219560000000001,6.0993048074,XIAO-IMU-3,3330,1000086
828,0.9776519574970485,2500,0.61,5.9820565,XIAO-IMU-3,3330,1000086
829,0.9788326965761512,2486,0.6065839999999999,5.948556983599999,XIAO-IMU-3,3330,1000086
830,0.9800134356552539,2450,0.5978,5.86241537,XIAO-IMU-3,3330,1000086
831,0.9811941747343567,2105,0.51362,5.036891572999999,XIAO-IMU-3,3330,1000086
832,0.9823749138134593,2069,0.5048360000000001,4.9507499594,XIAO-IMU-3,3330,1000086
833,0.9835556528925621,2016,0.491904,4.8239303615999996,XIAO-IMU-3,3330,1000086
834,0.9847363919716647,1993,0.48629199999999995,4.768895441799999,XIAO-IMU-3,3330,1000086
835,0.9859171310507675,1934,0.47189600000000004,4.6277189084,XIAO-IMU-3,3330,1000086
836,0.9870978701298703,1862,0.45432799999999995,4.455435681199999,XIAO-IMU-3,3330,1000086
837,0.9882786092089729,1837,0.448228,4.3956151162,XIAO-IMU-3,3330,1000086
838,0.9894593482880757,1778,0.433832,4.2544385828,XIAO-IMU-3,3330,1000086
839,0.9906400873671783,1488,0.363072,3.5605200288,XIAO-IMU-3,3330,1000086
840,0.9918208264462811,1435,0.35014,3.4337004309999997,XIAO-IMU-3,3330,1000086
841,0.9930015655253838,1382,0.33720799999999995,3.3068808331999993,XIAO-IMU-3,3330,1000086
842,0.9941823046044865,1354,0.330376,3.2398818003999996,XIAO-IMU-3,3330,1000086
843,0.9953630436835892,1313,0.320372,3.1417760737999996,XIAO-IMU-3,3330,1000086
844,0.996543782762692,1234,0.30109600000000003,2.9527430884,XIAO-IMU-3,3330,1000086
845,0.9977245218417946,1221,0.29792399999999997,2.9216363945999997,XIAO-IMU-3,3330,1000086
846,0.9989052609208974,1171,0.285724,2.8019952645999995,XIAO-IMU-3,3330,1000086
